round,avgFit,bestFit,avgNode,bestNode,bestBotName
0,0.04491695496654087,0.34394250513347024,578.2333333333333,761,sampleex.X_GPbot_0_10
1,0.11691349414809214,0.4721324717285945,641.3333333333334,761,sampleex.X_GPbot_1_0
2,0.24303137272690772,0.5126796280642435,693.4666666666667,730,sampleex.X_GPbot_2_17
3,0.217080991617367,562,728.8666666666667,759,sampleex.X_GPbot_3_7
4,0.3382720678513994,0.7548964745383324,712.2333333333333,609,sampleex.X_GPbot_4_22
5,0.39651388966674833,0.7904118008604795,644.7,599,sampleex.X_GPbot_5_5
6,0.5163730651074963,0.8038331454340474,577.4666666666667,603,sampleex.X_GPbot_6_14
7,0.5794569523354421,0.8272357723577236,590.6333333333333,543,sampleex.X_GPbot_7_7
8,0.6009966780065855,0.7922077922077922,583.0,601,sampleex.X_GPbot_8_12
9,0.5958616601387263,0.804432132963989,569.7333333333333,543,sampleex.X_GPbot_9_1
10,0.5732630402964787,0.8839830906528887,553.1333333333333,547,sampleex.X_GPbot_10_14
11,0.593839529212602,0.8865570051049347,528.8666666666667,545,sampleex.X_GPbot_11_22
12,0.6256673744286546,0.8576195773081201,552.0,430,sampleex.X_GPbot_12_16
13,0.647120285017526,0.8674869853289162,522.6,564,sampleex.X_GPbot_13_9
14,0.5436045575129037,0.8863761720904578,526.7,572,sampleex.X_GPbot_14_8
15,0.5948278711737843,0.853726362625139,555.3333333333334,572,sampleex.X_GPbot_15_25
16,0.7142077404759941,0.8817494600431965,555.0666666666667,567,sampleex.X_GPbot_16_13
17,0.6163135366345788,0.8398936170212766,568.9,517,sampleex.X_GPbot_17_2
18,0.6501930301277176,0.8774097874443895,568.2,627,sampleex.X_GPbot_18_16
19,0.6777040991298104,0.88852637302882,553.1,517,sampleex.X_GPbot_19_7
20,0.6601568328575766,0.9159622078567876,548.9,583,sampleex.X_GPbot_20_5
21,0.6671620229596426,0.9135265700483092,585.1,627,sampleex.X_GPbot_21_28
22,0.49792679863553013,0.8555304740406321,574.6666666666666,627,sampleex.X_GPbot_22_0
23,0.5583405606152196,0.8509110988404197,566.3333333333334,583,sampleex.X_GPbot_23_1
24,0.6133734466552352,0.8701492537313433,567.5,543,sampleex.X_GPbot_24_16
25,0.6047133316747322,0.8161512027491409,530.3666666666667,487,sampleex.X_GPbot_25_6
26,0.6409718161651284,0.856824512534819,523.7666666666667,503,sampleex.X_GPbot_26_4
27,0.6261184649192876,0.8279240661359462,528.9666666666667,499,sampleex.X_GPbot_27_18
28,0.6225748430928182,0.9198161389172625,513.2,623,sampleex.X_GPbot_28_2
29,0.6188917270839589,0.8783715012722646,536.7666666666667,633,sampleex.X_GPbot_29_27
30,0.6485013705929393,0.9255996084189917,563.0,633,sampleex.X_GPbot_30_10
31,0.7036237386417274,0.8446196660482375,596.5666666666667,471,sampleex.X_GPbot_31_23
32,0.7131768228724226,0.8971061093247589,577.3,597,sampleex.X_GPbot_32_20
33,0.6600124578410601,0.8635912698412699,570.0333333333333,471,sampleex.X_GPbot_33_19
34,0.6442301134535401,0.8283313325330132,559.7,534,sampleex.X_GPbot_34_13
35,0.507854152994222,0.876169510181618,547.2,573,sampleex.X_GPbot_35_15
36,0.704552437317993,0.8694376528117359,563.8666666666667,573,sampleex.X_GPbot_36_0
37,0.6933589575983726,0.8832515002727769,575.9666666666667,646,sampleex.X_GPbot_37_3
38,0.7591760736768934,0.9106796116504854,583.8666666666667,572,sampleex.X_GPbot_38_12
39,0.6544031706550928,0.8716791979949875,576.6666666666666,563,sampleex.X_GPbot_39_18
40,0.6820972816654494,0.8989583333333333,583.6666666666666,563,sampleex.X_GPbot_40_0
41,0.5885234362532468,0.8420204191295003,577.3333333333334,609,sampleex.X_GPbot_41_5
42,0.6983102255706904,0.9512317747611865,569.4666666666667,586,sampleex.X_GPbot_42_24
43,0.7118497065402168,0.89587852494577,575.9333333333333,559,sampleex.X_GPbot_43_6
44,0.6927899589729614,0.9141193595342066,568.8333333333334,586,sampleex.X_GPbot_44_10
45,0.6672898091090006,0.909697280656747,579.7666666666667,645,sampleex.X_GPbot_45_17
46,0.5651828937958213,0.9024390243902439,576.1,490,sampleex.X_GPbot_46_12
47,0.6721621480547928,0.9101796407185628,537.1333333333333,500,sampleex.X_GPbot_47_26
48,0.6976573573603297,0.9238716693855357,527.0333333333333,494,sampleex.X_GPbot_48_10
49,0.6678857289681425,0.9234088457389428,509.23333333333335,496,sampleex.X_GPbot_49_25
50,0.7313298528751815,0.8789473684210526,504.1,541,sampleex.X_GPbot_50_23
51,0.6285397978676369,0.877088948787062,495.9,586,sampleex.X_GPbot_51_1
52,0.7209138685114668,0.855595667870036,527.6666666666666,464,sampleex.X_GPbot_52_19
53,0.74243879880713,0.926063829787234,527.4333333333333,464,sampleex.X_GPbot_53_2
54,0.6874298948707477,0.9340425531914893,505.1333333333333,464,sampleex.X_GPbot_54_25
55,0.6658883392821988,0.8785249457700651,504.4,586,sampleex.X_GPbot_55_1
56,0.659637650157486,0.865414710485133,557.0,589,sampleex.X_GPbot_56_14
57,0.6560767691327267,0.9154858299595142,553.4333333333333,514,sampleex.X_GPbot_57_22
58,0.6673886028312599,0.9013953488372093,538.9333333333333,511,sampleex.X_GPbot_58_2
59,0.7901881452607161,0.9387651821862348,541.7,526,sampleex.X_GPbot_59_25
60,0.688848885748096,0.9230769230769231,554.5333333333333,533,sampleex.X_GPbot_60_12
61,0.7082472637506019,0.8833333333333333,540.1333333333333,616,sampleex.X_GPbot_61_22
62,0.6569224162903137,0.9248279512969825,559.8,618,sampleex.X_GPbot_62_11
63,0.6907474255813804,0.9134050880626223,573.8666666666667,512,sampleex.X_GPbot_63_27
64,0.6408203170155249,0.9139034322280396,553.3333333333334,624,sampleex.X_GPbot_64_18
65,0.6627286032285459,0.8887795275590551,582.1,542,sampleex.X_GPbot_65_13
66,0.5396210903392892,0.8575531303848363,552.2,568,sampleex.X_GPbot_66_14
67,0.6841093478624198,0.89404296875,556.3,568,sampleex.X_GPbot_67_24
68,0.7248760640352131,936,546.5333333333333,497,sampleex.X_GPbot_68_24
69,0.6412378744473973,0.9288638689866939,546.4,592,sampleex.X_GPbot_69_28
70,0.6639430857141294,0.9333333333333333,548.3333333333334,574,sampleex.X_GPbot_70_24
71,0.6787422622184678,0.9118721461187215,544.7333333333333,574,sampleex.X_GPbot_71_20
72,0.663577046881361,0.8815347721822542,549.9333333333333,610,sampleex.X_GPbot_72_16
73,0.6730308827559243,0.9307086614173228,544.4666666666667,504,sampleex.X_GPbot_73_16
74,0.6680108531911283,0.8564954682779456,559.2,570,sampleex.X_GPbot_74_9
75,0.7002419725914841,0.9164569703069955,532.2333333333333,613,sampleex.X_GPbot_75_6
76,0.6168225319976668,0.9424,528.9666666666667,613,sampleex.X_GPbot_76_0
77,0.7058490173893065,0.8833671399594321,559.4666666666667,480,sampleex.X_GPbot_77_26
78,0.6389723651350193,0.8959627329192547,515.8,584,sampleex.X_GPbot_78_9
79,0.6801354865144766,0.886339937434828,516.7666666666667,586,sampleex.X_GPbot_79_1
80,0.7200061575610437,0.8884892086330936,527.3333333333334,491,sampleex.X_GPbot_80_3
81,0.6851069270217849,0.9274891774891775,531.4666666666667,586,sampleex.X_GPbot_81_1
82,0.6990668863893137,0.9007717750826902,544.3666666666667,529,sampleex.X_GPbot_82_23
83,0.6939539609439456,0.9203980099502488,555.2333333333333,563,sampleex.X_GPbot_83_24
84,0.6802763520679865,0.8900308324768756,570.6,586,sampleex.X_GPbot_84_1
85,0.7105478055293062,925,547.2333333333333,497,sampleex.X_GPbot_85_29
86,0.6785271260456714,0.933644375324002,551.6666666666666,586,sampleex.X_GPbot_86_22
87,0.6921418787050844,0.8973151201130476,527.4333333333333,554,sampleex.X_GPbot_87_20
88,0.6847338466603567,0.9269135802469136,514.5333333333333,578,sampleex.X_GPbot_88_2
89,0.6794706875683817,0.8985915492957747,517.7666666666667,529,sampleex.X_GPbot_89_28
90,0.7246708584288015,0.87915078933043,536.2666666666667,496,sampleex.X_GPbot_90_28
91,0.6385167474266003,0.9033790918690602,531.6333333333333,586,sampleex.X_GPbot_91_2
92,0.6976170697207185,0.8755060728744939,548.8333333333334,550,sampleex.X_GPbot_92_15
93,0.6836337324770814,0.9411151641479938,547.0666666666667,572,sampleex.X_GPbot_93_21
94,0.7140066250725876,0.9276745354093421,561.9,582,sampleex.X_GPbot_94_19
95,0.6435345172531198,0.8751387347391787,570.6,585,sampleex.X_GPbot_95_12
96,0.6780920597941245,0.9303955933900852,565.4333333333333,539,sampleex.X_GPbot_96_7
97,0.6929484669077688,0.8862859931673988,570.4666666666667,555,sampleex.X_GPbot_97_12
98,0.7219443651329551,0.9343252950230888,566.8,589,sampleex.X_GPbot_98_4
99,0.6400436520255822,0.8795056642636457,556.3666666666667,495,sampleex.X_GPbot_99_19
100,0.5609114039278331,0.9240812379110251,538.0,552,sampleex.X_GPbot_100_24
101,0.6611571479080759,0.9019323671497584,530.3666666666667,552,sampleex.X_GPbot_101_0
102,0.739362926924324,0.9058587881822734,539.4333333333333,624,sampleex.X_GPbot_102_19
103,0.6967344416007734,0.8962131837307152,546.8666666666667,498,sampleex.X_GPbot_103_15
104,0.6362444206714543,0.8895257946847316,563.8,613,sampleex.X_GPbot_104_14
105,0.7373365869854729,0.8737967914438503,576.6,525,sampleex.X_GPbot_105_26
106,0.6703446182260188,0.8592007434944238,558.5333333333333,480,sampleex.X_GPbot_106_13
107,0.7594691623975428,0.9082150101419878,547.5666666666667,618,sampleex.X_GPbot_107_2
108,0.619472937030398,0.9250382457929628,568.4,573,sampleex.X_GPbot_108_6
109,0.6642369744151796,0.9301825993555317,582.2333333333333,449,sampleex.X_GPbot_109_27
110,0.6936744958936725,0.8785282258064516,549.1666666666666,449,sampleex.X_GPbot_110_14
111,0.644490875150184,0.8813735691987513,504.5,421,sampleex.X_GPbot_111_23
112,0.6817000676392209,0.9267326732673268,508.03333333333336,417,sampleex.X_GPbot_112_20
113,0.6985701353261994,0.9357106981416373,451.6,539,sampleex.X_GPbot_113_25
114,0.6319241455079877,0.8872970391595033,475.56666666666666,364,sampleex.X_GPbot_114_4
115,0.7373720173019692,0.9338196977592496,458.3333333333333,542,sampleex.X_GPbot_115_2
116,0.6984097519684231,0.8890675241157556,491.1,534,sampleex.X_GPbot_116_16
117,0.6824144043927309,0.8638449770525243,469.1666666666667,542,sampleex.X_GPbot_117_27
118,0.7136995709788442,0.9290853031860226,473.73333333333335,542,sampleex.X_GPbot_118_15
119,0.6748062135159905,0.9195046439628483,500.6333333333333,360,sampleex.X_GPbot_119_17
120,0.7393025213007273,0.9357390014829461,459.43333333333334,553,sampleex.X_GPbot_120_21
121,0.6965881895037976,0.8999028182701652,502.7,511,sampleex.X_GPbot_121_24
122,0.56569647610054,0.8856825749167592,470.8333333333333,350,sampleex.X_GPbot_122_24
123,0.7561122298187052,0.885483870967742,432.7,503,sampleex.X_GPbot_123_17
124,0.5759498463059741,0.9057017543859649,406.76666666666665,504,sampleex.X_GPbot_124_10
125,0.6715656205035683,0.8993325917686318,410.6333333333333,388,sampleex.X_GPbot_125_25
126,0.6702082891956648,0.8887688984881209,428.96666666666664,402,sampleex.X_GPbot_126_8
127,0.6941040000989374,0.8732963149924281,406.8,586,sampleex.X_GPbot_127_1
128,0.6981774200654194,0.8717683557394003,462.0,556,sampleex.X_GPbot_128_20
129,0.6917710041445257,0.9250493096646942,509.76666666666665,586,sampleex.X_GPbot_129_2
130,0.6896143576706464,0.8862533692722372,468.1666666666667,568,sampleex.X_GPbot_130_24
131,0.6469029644431079,0.9274447949526814,463.8333333333333,354,sampleex.X_GPbot_131_24
132,0.6382820980975397,0.8801261829652997,452.8333333333333,338,sampleex.X_GPbot_132_10
133,0.6409700328812603,0.865929841422393,434.6666666666667,550,sampleex.X_GPbot_133_29
134,0.7252591765889925,0.8909952606635071,475.96666666666664,526,sampleex.X_GPbot_134_9
135,0.7394041341147302,0.8884381338742393,458.23333333333335,565,sampleex.X_GPbot_135_28
136,0.6507479626663647,0.9497178040020523,478.0,443,sampleex.X_GPbot_136_17
137,0.6575895558506606,0.8768909754825248,449.73333333333335,564,sampleex.X_GPbot_137_27
138,0.6571038283457117,0.919756221432199,456.3666666666667,545,sampleex.X_GPbot_138_22
139,0.6798408005972082,0.8724324324324324,463.03333333333336,586,sampleex.X_GPbot_139_1
140,0.549886233642999,0.9360086767895879,517.5,635,sampleex.X_GPbot_140_5
141,0.7353270635106791,0.9170284611673902,543.4666666666667,561,sampleex.X_GPbot_141_24
142,0.6326168095146509,0.9038365719980069,572.3666666666667,561,sampleex.X_GPbot_142_0
143,0.6851417106430556,0.8771384136858476,552.7,549,sampleex.X_GPbot_143_4
144,0.6982837043422856,0.8946212952799122,547.6666666666666,545,sampleex.X_GPbot_144_26
145,0.6882614418547388,0.9266832917705735,603.6333333333333,545,sampleex.X_GPbot_145_10
146,0.6702782705206284,0.8839239856189008,589.3333333333334,670,sampleex.X_GPbot_146_24
147,0.6867932119784432,0.8871873404798366,594.1333333333333,568,sampleex.X_GPbot_147_16
148,0.6713286775521665,0.8858954041204438,598.7666666666667,666,sampleex.X_GPbot_148_6
149,0.661390600859415,0.8809648662821186,590.1,555,sampleex.X_GPbot_149_9
150,0.6922937187166078,0.8657881893606637,568.9666666666667,560,sampleex.X_GPbot_150_15
151,0.6436045136245397,0.9204431017119838,580.4666666666667,586,sampleex.X_GPbot_151_24
152,0.6718484440393697,0.9299948901379663,558.3,586,sampleex.X_GPbot_152_1
153,0.689008591382337,0.8858373721055466,563.9,601,sampleex.X_GPbot_153_9
154,0.7076005073707486,0.8896515311510031,573.9333333333333,601,sampleex.X_GPbot_154_23
155,0.6343399483434644,0.8910359634997316,557.5333333333333,569,sampleex.X_GPbot_155_23
156,0.6931940548711975,0.9095534200113058,540.4,472,sampleex.X_GPbot_156_20
157,0.6759809282617685,0.8614250614250615,544.2666666666667,466,sampleex.X_GPbot_157_22
158,0.6325520126871692,0.8572984749455338,521.7,472,sampleex.X_GPbot_158_12
159,0.6963995211851537,0.8365878725590956,496.9,571,sampleex.X_GPbot_159_20
160,0.5413975250975575,0.8796296296296297,511.5,525,sampleex.X_GPbot_160_28
161,0.68242809159068,0.8791686805219913,528.2333333333333,519,sampleex.X_GPbot_161_12
162,0.6834218373768199,0.8992055610724925,546.7333333333333,519,sampleex.X_GPbot_162_3
163,0.7368245821507329,875,538.2,568,sampleex.X_GPbot_163_9
164,0.7138283651825443,0.8940699442473391,533.2,568,sampleex.X_GPbot_164_27
165,0.6800619251719519,0.8859198355601233,534.4666666666667,508,sampleex.X_GPbot_165_3
166,0.6812438560697976,0.885226603884638,525.9666666666667,585,sampleex.X_GPbot_166_5
167,0.6544152923643084,0.9002710027100271,520.8666666666667,455,sampleex.X_GPbot_167_6
168,0.6634060464448246,0.8653957250144425,529.7666666666667,450,sampleex.X_GPbot_168_12
169,0.7134301335545586,0.875366568914956,548.9666666666667,581,sampleex.X_GPbot_169_12
170,0.6950023438263595,0.880901287553648,548.3,589,sampleex.X_GPbot_170_26
171,0.7069989673194047,0.8818316100443131,554.9,578,sampleex.X_GPbot_171_23
172,0.6076558431116091,0.9026258205689278,588.1666666666666,586,sampleex.X_GPbot_172_1
173,0.6421362086056928,0.8751322751322751,581.1333333333333,583,sampleex.X_GPbot_173_5
174,0.6649276722394731,0.8591065292096219,593.5666666666667,610,sampleex.X_GPbot_174_5
175,0.6233716407045405,0.9064066852367688,583.0666666666667,610,sampleex.X_GPbot_175_0
176,0.6825172600040567,0.8558268079226163,548.7,573,sampleex.X_GPbot_176_24
177,0.6314828009732938,0.9202861522738887,580.1666666666666,588,sampleex.X_GPbot_177_11
178,0.6809866514265637,0.8894205209994683,578.0666666666667,585,sampleex.X_GPbot_178_29
179,0.695016621103491,0.9,570.2666666666667,586,sampleex.X_GPbot_179_1
180,0.6730778742748357,0.8801631820499745,572.9666666666667,509,sampleex.X_GPbot_180_27
181,0.775732432555715,0.8913159296750133,559.5,603,sampleex.X_GPbot_181_28
182,0.6798662740541849,0.8612334801762115,536.4,475,sampleex.X_GPbot_182_14
183,0.6700735371103667,0.9160343955488113,528.3,574,sampleex.X_GPbot_183_14
184,0.6107623087333782,0.8848648648648648,540.4,585,sampleex.X_GPbot_184_29
185,0.6192104469637145,0.859828141783029,566.7333333333333,592,sampleex.X_GPbot_185_16
186,0.6891442947267302,0.8658536585365854,562.2666666666667,516,sampleex.X_GPbot_186_24
187,0.6240594868133146,0.8451178451178452,561.0,547,sampleex.X_GPbot_187_19
188,0.6545161743588213,0.8942614240170031,539.9,568,sampleex.X_GPbot_188_19
189,0.674102609116823,0.920932589964521,541.7,581,sampleex.X_GPbot_189_23
190,0.6582093141081555,0.8951329653788259,563.2,590,sampleex.X_GPbot_190_27
191,0.6640080601700448,0.8631271310277643,567.3333333333334,488,sampleex.X_GPbot_191_20
192,0.5939811716551464,0.8756503642039543,559.4333333333333,491,sampleex.X_GPbot_192_2
193,0.6841232697814842,0.8868435300487276,540.2666666666667,551,sampleex.X_GPbot_193_11
194,0.70499852972052,0.8865591397849463,529.4333333333333,537,sampleex.X_GPbot_194_10
195,0.6556855125582585,0.9059293044469784,489.73333333333335,586,sampleex.X_GPbot_195_1
196,0.7189393056285185,0.8686551543694401,519.0666666666667,467,sampleex.X_GPbot_196_16
197,0.6345547109244154,0.8804404824331411,511.8,486,sampleex.X_GPbot_197_3
198,0.6737270105330547,0.8650124069478908,502.73333333333335,505,sampleex.X_GPbot_198_3
199,0.6168316421295389,0.9091373149566105,507.76666666666665,487,sampleex.X_GPbot_199_26
200,0.6824065358778079,0.8998435054773083,483.6333333333333,510,sampleex.X_GPbot_200_23
201,0.7039114199981079,0.910913140311804,469.1333333333333,457,sampleex.X_GPbot_201_13
202,0.6555253761958887,0.9175557710960233,472.93333333333334,514,sampleex.X_GPbot_202_20
203,0.651291005378818,0.884674525884162,489.06666666666666,482,sampleex.X_GPbot_203_20
204,0.7109332666595417,0.9441836202399583,483.8333333333333,463,sampleex.X_GPbot_204_22
205,0.6967833872557735,0.8982406086543033,475.7,471,sampleex.X_GPbot_205_8
206,0.6429376640389229,0.9293621507643648,485.1666666666667,471,sampleex.X_GPbot_206_0
207,0.6671093018265066,0.905167820990943,492.96666666666664,473,sampleex.X_GPbot_207_18
208,0.6607860546246098,0.8872305140961857,464.96666666666664,487,sampleex.X_GPbot_208_6
209,0.692547131149952,0.8864673086670045,486.6666666666667,487,sampleex.X_GPbot_209_0
210,0.6782108253628245,0.892630551488531,483.7,554,sampleex.X_GPbot_210_6
211,0.7065656469172693,0.9047391096218286,516.9333333333333,549,sampleex.X_GPbot_211_13
212,0.7070387826226049,0.9362467866323907,527.7333333333333,541,sampleex.X_GPbot_212_6
213,0.6791593845897911,0.897196261682243,481.8333333333333,541,sampleex.X_GPbot_213_0
214,0.6477815241099172,0.8873775843307944,494.06666666666666,464,sampleex.X_GPbot_214_28
215,0.6860918500071994,0.8850518006906759,522.4,464,sampleex.X_GPbot_215_18
216,0.5913251250107197,0.9162330905306972,489.2,501,sampleex.X_GPbot_216_13
217,0.6909077192699686,0.8980926430517712,498.46666666666664,527,sampleex.X_GPbot_217_23
218,0.7162149257116607,0.9390436153441933,517.1,515,sampleex.X_GPbot_218_14
219,0.6862072019156908,0.9110444777611194,541.9666666666667,504,sampleex.X_GPbot_219_6
220,0.6787375732155286,0.8881987577639752,523.2666666666667,601,sampleex.X_GPbot_220_10
221,0.6760351617869084,0.9067611777535441,569.6666666666666,507,sampleex.X_GPbot_221_15
222,0.6208840676044957,0.824634655532359,538.5333333333333,593,sampleex.X_GPbot_222_15
223,0.5923993780224005,0.8963474827245804,558.5,612,sampleex.X_GPbot_223_9
224,0.688971163886586,0.899737532808399,560.7,586,sampleex.X_GPbot_224_1
225,0.6899869461617426,0.9172135285209491,593.7,586,sampleex.X_GPbot_225_16
226,0.6954489619378633,0.8882289416846653,596.6333333333333,625,sampleex.X_GPbot_226_19
227,0.6507130141444016,0.8812095032397408,600.4,623,sampleex.X_GPbot_227_26
228,0.6984987580055496,0.8867552929591335,592.5333333333333,548,sampleex.X_GPbot_228_3
229,0.6494118717699598,0.8932461873638344,603.9666666666667,548,sampleex.X_GPbot_229_5
230,0.6282521884408135,0.9234424498416051,557.8333333333334,533,sampleex.X_GPbot_230_3
231,0.6476954713468405,0.8870270270270271,574.0333333333333,533,sampleex.X_GPbot_231_7
232,0.6948608626941336,0.890625,563.2333333333333,565,sampleex.X_GPbot_232_6
233,0.633814509625431,0.9256072874493927,562.2,560,sampleex.X_GPbot_233_2
234,0.6581033491912799,0.9147368421052632,559.4666666666667,536,sampleex.X_GPbot_234_29
235,0.584694463112874,0.8331441543700341,557.6333333333333,586,sampleex.X_GPbot_235_19
236,0.6198836263340123,0.8603140227395777,573.3666666666667,551,sampleex.X_GPbot_236_2
237,0.667604624912747,0.8876464323748668,566.5333333333333,553,sampleex.X_GPbot_237_16
238,0.7147426692940732,0.9017595307917888,577.0333333333333,603,sampleex.X_GPbot_238_7
239,0.6549022135724627,0.8613861386138614,566.9333333333333,586,sampleex.X_GPbot_239_21
240,0.575133589702689,0.8775067750677507,578.8666666666667,607,sampleex.X_GPbot_240_13
241,0.6642213671859005,0.9244215938303342,592.9,607,sampleex.X_GPbot_241_0
242,0.563057670385934,0.8745348219032429,583.3666666666667,602,sampleex.X_GPbot_242_18
243,0.5962000603449656,0.8965693804403482,581.7666666666667,587,sampleex.X_GPbot_243_9
244,0.7210527569531043,0.9073514602215509,572.4666666666667,524,sampleex.X_GPbot_244_28
245,0.6786341932700879,0.9022392135445112,548.3666666666667,602,sampleex.X_GPbot_245_22
246,0.6901924941043035,0.9141675284384695,548.8333333333334,516,sampleex.X_GPbot_246_19
247,0.6866648503663818,0.8801631820499745,546.6666666666666,586,sampleex.X_GPbot_247_14
248,0.7071536127198658,0.8969344608879493,556.9666666666667,586,sampleex.X_GPbot_248_5
249,0.7319217771952021,0.9057459677419355,531.9,525,sampleex.X_GPbot_249_27
250,0.6645817800437399,0.8716577540106952,528.8666666666667,586,sampleex.X_GPbot_250_9
251,0.6742411976120395,0.8856243441762854,537.1,500,sampleex.X_GPbot_251_14
252,0.640626372536056,0.9375330862890419,525.9333333333333,494,sampleex.X_GPbot_252_24
253,0.6707193187506792,0.9,524.4666666666667,586,sampleex.X_GPbot_253_1
254,0.6268064139207928,0.8775725593667546,542.8333333333334,482,sampleex.X_GPbot_254_14
255,0.648187163416244,0.9504843918191603,515.8333333333334,528,sampleex.X_GPbot_255_21
256,0.7164991962945039,0.9097925711529185,519.7333333333333,498,sampleex.X_GPbot_256_19
257,0.6872618990900835,0.91356783919598,542.5333333333333,586,sampleex.X_GPbot_257_1
258,0.6372179258279927,0.94252261841405,528.5,581,sampleex.X_GPbot_258_8
259,0.5795295309603897,0.8674113647401651,522.1,418,sampleex.X_GPbot_259_20
260,0.6819724078708791,0.8976608187134503,519.5,403,sampleex.X_GPbot_260_20
261,0.6493739733758875,0.8730533270410571,497.5,358,sampleex.X_GPbot_261_28
262,0.6497160016330895,0.8591615638247763,496.1666666666667,358,sampleex.X_GPbot_262_18
263,0.5962952601409395,0.8656024716786818,473.9,587,sampleex.X_GPbot_263_10
264,0.699344611141967,0.928679817905918,551.5666666666667,522,sampleex.X_GPbot_264_8
265,0.703719828982283,0.9260719566288812,540.2333333333333,525,sampleex.X_GPbot_265_25
266,0.6956823198641022,0.891005291005291,537.6666666666666,512,sampleex.X_GPbot_266_15
267,0.663512176463687,0.8824468085106383,540.2666666666667,585,sampleex.X_GPbot_267_14
268,0.7386089136201892,0.9073435189748644,539.9666666666667,491,sampleex.X_GPbot_268_5
269,0.6743403134572189,0.8708576998050682,538.1,444,sampleex.X_GPbot_269_26
270,0.7288986806228281,0.9296587926509187,508.9,535,sampleex.X_GPbot_270_21
271,0.658195427995879,0.8715455475946776,526.7666666666667,398,sampleex.X_GPbot_271_2
272,0.7303538265902614,0.884797475013151,498.6,484,sampleex.X_GPbot_272_21
273,0.633505966911237,0.8784355179704016,476.93333333333334,495,sampleex.X_GPbot_273_8
274,0.6765456559282247,0.906886517943744,483.56666666666666,499,sampleex.X_GPbot_274_8
275,0.6611458858247499,0.904927824788452,488.8,511,sampleex.X_GPbot_275_14
276,0.6740401467233341,0.9260823653643083,475.8333333333333,398,sampleex.X_GPbot_276_24
277,0.6626495147072338,0.9555674518201285,438.1666666666667,452,sampleex.X_GPbot_277_25
278,0.6717410067321005,0.8954309938765898,454.3,402,sampleex.X_GPbot_278_9
279,0.669407025850878,0.8750617283950617,430.5,402,sampleex.X_GPbot_279_24
280,0.5979657911917285,0.8953744493392071,422.23333333333335,485,sampleex.X_GPbot_280_25
281,0.6578592257321447,0.9032891507118311,424.6,326,sampleex.X_GPbot_281_18
282,0.7165169177747029,0.9284294234592445,381.46666666666664,327,sampleex.X_GPbot_282_22
283,0.6351086161927378,0.8627136752136753,352.73333333333335,327,sampleex.X_GPbot_283_21
284,0.639760071337822,0.9232763089683774,380.46666666666664,415,sampleex.X_GPbot_284_18
285,0.7095584769889286,0.8744209984559959,392.6333333333333,415,sampleex.X_GPbot_285_29
286,0.687648041753264,0.8675496688741722,379.6666666666667,400,sampleex.X_GPbot_286_7
287,0.7184754613446248,0.8781038374717833,381.5,412,sampleex.X_GPbot_287_5
288,0.6357012190954966,0.9096573208722741,382.3333333333333,396,sampleex.X_GPbot_288_14
289,0.7087461187942583,0.8857293312269615,393.26666666666665,409,sampleex.X_GPbot_289_18
290,0.6309762135422029,0.9141675284384695,413.76666666666665,428,sampleex.X_GPbot_290_20
291,0.6366618398470297,0.8404312668463612,413.8,428,sampleex.X_GPbot_291_0
292,0.6088283777827556,0.867827868852459,408.06666666666666,452,sampleex.X_GPbot_292_1
293,0.6971550825223901,0.9057539682539683,406.8333333333333,333,sampleex.X_GPbot_293_3
294,0.6856110868189714,0.8716838115863562,379.3333333333333,412,sampleex.X_GPbot_294_6
295,0.6433388644160208,0.8544795442775763,371.73333333333335,333,sampleex.X_GPbot_295_21
296,0.6901991720857111,0.9113987058237929,364.1,335,sampleex.X_GPbot_296_14
297,0.6970893621534201,0.8996157540826129,360.26666666666665,335,sampleex.X_GPbot_297_0
298,0.75276346653539,0.8809523809523809,342.93333333333334,326,sampleex.X_GPbot_298_7
299,0.6317721503449935,0.8774482372691662,355.8333333333333,339,sampleex.X_GPbot_299_10
300,0.6678703916205488,0.886435331230284,330.8666666666667,326,sampleex.X_GPbot_300_15
301,0.6694730494517106,0.8860103626943006,322.06666666666666,288,sampleex.X_GPbot_301_29
302,0.7217474310085585,0.8549661399548533,321.1,327,sampleex.X_GPbot_302_27
303,0.7065663036964293,0.8766700924974307,331.8666666666667,327,sampleex.X_GPbot_303_20
304,0.6151793300136762,0.8587243015287296,354.8,327,sampleex.X_GPbot_304_0
305,0.6910972692778885,0.8873994638069705,347.2,309,sampleex.X_GPbot_305_19
306,0.5780529654380663,0.929806181246726,349.53333333333336,309,sampleex.X_GPbot_306_0
307,0.6670029689579983,0.9273461150353178,354.23333333333335,383,sampleex.X_GPbot_307_25
308,0.6637024143949956,0.8469055374592834,350.8,410,sampleex.X_GPbot_308_26
309,0.7576599851718003,0.905511811023622,355.0,342,sampleex.X_GPbot_309_26
310,0.7159680973291025,0.8856191004997224,348.76666666666665,384,sampleex.X_GPbot_310_17
311,0.661739140153572,0.926110833749376,346.93333333333334,452,sampleex.X_GPbot_311_1
312,0.6829040768665443,0.851063829787234,365.1666666666667,330,sampleex.X_GPbot_312_14
313,0.6821432860966539,0.9215686274509803,352.96666666666664,351,sampleex.X_GPbot_313_26
314,0.6727539222404231,0.9027645376549094,341.3,501,sampleex.X_GPbot_314_10
315,0.7089659097100053,0.8856579595860029,374.3333333333333,302,sampleex.X_GPbot_315_20
316,0.6933333102025911,0.8524251805985552,373.5,371,sampleex.X_GPbot_316_14
317,0.6569204557248458,0.932876041156296,376.56666666666666,331,sampleex.X_GPbot_317_13
318,0.7064857823528391,0.9239187076602398,366.6666666666667,380,sampleex.X_GPbot_318_25
319,0.6503816491206248,0.9368753287743293,395.73333333333335,360,sampleex.X_GPbot_319_7
320,0.6842618602139615,0.9144963144963145,378.6333333333333,335,sampleex.X_GPbot_320_16
321,0.710446931941304,0.914387031408308,365.4,300,sampleex.X_GPbot_321_20
322,0.6506692286417955,0.9041980624327234,348.6,359,sampleex.X_GPbot_322_10
323,0.682831141079337,0.9007352941176471,334.26666666666665,352,sampleex.X_GPbot_323_10
324,0.6982874287447464,0.8602099236641222,357.1333333333333,330,sampleex.X_GPbot_324_8
325,0.6485237677977412,0.9316675165731769,361.23333333333335,351,sampleex.X_GPbot_325_25
326,0.7302489393667838,0.9116302691721686,345.56666666666666,409,sampleex.X_GPbot_326_6
327,0.7294520227750735,0.9082672706681767,374.26666666666665,409,sampleex.X_GPbot_327_0
328,0.674422841970167,0.9340836012861736,369.1333333333333,409,sampleex.X_GPbot_328_15
329,0.7117800871915673,0.9010238907849829,372.7,323,sampleex.X_GPbot_329_9
330,0.6971739132116048,0.9245867768595041,357.06666666666666,318,sampleex.X_GPbot_330_17
331,0.6859283796437351,0.9142999501743896,376.6333333333333,432,sampleex.X_GPbot_331_5
332,0.6779325911206909,0.910871694417238,375.8333333333333,432,sampleex.X_GPbot_332_29
333,0.7462661497730599,0.8819776714513556,406.2,409,sampleex.X_GPbot_333_10
334,0.6684074063757927,0.9181228157763355,401.0,454,sampleex.X_GPbot_334_28
335,0.6958222329824338,0.882259767687434,407.6666666666667,342,sampleex.X_GPbot_335_16
336,0.6925265873681705,0.908080808080808,379.8,444,sampleex.X_GPbot_336_15
337,0.6664667789661849,0.856993190151912,397.56666666666666,354,sampleex.X_GPbot_337_8
338,0.6635834588120567,0.9140786749482401,383.73333333333335,309,sampleex.X_GPbot_338_4
339,0.7019464579230306,0.854043392504931,386.1666666666667,471,sampleex.X_GPbot_339_18
340,0.5694207838888838,0.8507967165620474,397.7,343,sampleex.X_GPbot_340_20
341,0.6542531667283484,0.9278299555116164,400.6333333333333,309,sampleex.X_GPbot_341_16
342,0.6834122822808968,0.8911000552791598,384.9,461,sampleex.X_GPbot_342_24
343,0.6167672185538272,0.8982960596379127,405.53333333333336,457,sampleex.X_GPbot_343_5
344,0.6667824302562094,0.9004207573632539,448.43333333333334,452,sampleex.X_GPbot_344_1
345,0.6915226828518132,0.9067255768286696,456.23333333333335,460,sampleex.X_GPbot_345_14
346,0.6603436171621481,0.9103977000479156,457.6333333333333,460,sampleex.X_GPbot_346_13
347,0.6652459237821026,0.9514767932489452,447.1,456,sampleex.X_GPbot_347_15
348,0.7004411699175431,0.9412079102084446,425.4,412,sampleex.X_GPbot_348_23
349,0.6716574149733942,0.9146895507319536,400.06666666666666,466,sampleex.X_GPbot_349_28
350,0.6658171131028745,0.911599386816556,422.8333333333333,455,sampleex.X_GPbot_350_21
351,0.7140858267080115,0.8856481481481482,409.5,408,sampleex.X_GPbot_351_20
352,0.6815036536138812,0.8800813008130082,394.06666666666666,376,sampleex.X_GPbot_352_11
353,0.6771101817513981,0.8852216748768473,398.1666666666667,422,sampleex.X_GPbot_353_5
354,0.7399300558603834,0.9186911254338126,414.2,338,sampleex.X_GPbot_354_29
355,0.6855716172275558,0.8747484909456741,413.5,432,sampleex.X_GPbot_355_4
356,0.7511884492702942,0.8775193798449612,411.4,434,sampleex.X_GPbot_356_6
357,0.6518455674590082,0.8624641833810889,410.7,434,sampleex.X_GPbot_357_2
358,0.7208049328868557,0.9176814417924988,425.1,434,sampleex.X_GPbot_358_29
359,0.6872190099814975,0.839265850945495,426.5,434,sampleex.X_GPbot_359_4
360,0.6721840294404068,0.8800868149755833,422.76666666666665,434,sampleex.X_GPbot_360_21
361,0.6792552995716915,0.9316195372750643,417.8666666666667,434,sampleex.X_GPbot_361_0
362,0.6610772179611407,0.8704225352112676,416.43333333333334,432,sampleex.X_GPbot_362_4
363,0.6531897926310194,0.9053254437869822,412.6333333333333,432,sampleex.X_GPbot_363_9
364,0.7395211242061802,0.8963878326996197,414.2,435,sampleex.X_GPbot_364_4
365,0.6310206906891488,0.8796700630761766,421.6333333333333,402,sampleex.X_GPbot_365_8
366,0.6983592417589083,0.900831024930748,423.73333333333335,460,sampleex.X_GPbot_366_21
367,0.7215787480354232,0.9393019726858877,435.23333333333335,465,sampleex.X_GPbot_367_23
368,0.6505935518806601,0.8913649025069638,448.1666666666667,454,sampleex.X_GPbot_368_2
369,0.7274125890847837,0.9104398516163222,445.9,461,sampleex.X_GPbot_369_29
370,0.6800291132825499,0.8901044256588762,448.6333333333333,449,sampleex.X_GPbot_370_25
371,0.7318723633811663,0.885670731707317,449.76666666666665,413,sampleex.X_GPbot_371_27
372,0.7086968086009016,0.8865248226950354,436.3666666666667,449,sampleex.X_GPbot_372_23
373,0.7100899791953194,0.8571428571428571,439.3,418,sampleex.X_GPbot_373_18
374,0.6936488869970829,0.9164607019278299,418.4,433,sampleex.X_GPbot_374_6
375,0.6973371850022702,0.8452562151192288,437.6,465,sampleex.X_GPbot_375_28
376,0.690878159658499,0.9406952965235174,425.9,431,sampleex.X_GPbot_376_23
377,0.7039110255379428,0.8921370967741935,409.6666666666667,368,sampleex.X_GPbot_377_18
378,0.6435093881827357,0.895319577252139,386.4,435,sampleex.X_GPbot_378_29
379,0.7047578181009538,0.8876640419947507,399.6666666666667,435,sampleex.X_GPbot_379_9
380,0.7070059983971786,0.8791413905739618,413.76666666666665,468,sampleex.X_GPbot_380_6
381,0.5741390717694548,0.88107822410148,413.1,468,sampleex.X_GPbot_381_0
382,0.670933965235809,0.8586266589728794,413.46666666666664,393,sampleex.X_GPbot_382_9
383,0.7589796941701391,0.9341963322545846,416.8,265,sampleex.X_GPbot_383_27
384,0.7086206135122523,0.9090909090909091,358.5,362,sampleex.X_GPbot_384_10
385,0.7455218727602927,0.943939393939394,349.76666666666665,271,sampleex.X_GPbot_385_22
386,0.7015720284048684,0.8850635593220338,331.93333333333334,271,sampleex.X_GPbot_386_10
387,0.690657393837302,0.8768675940236991,321.6333333333333,270,sampleex.X_GPbot_387_24
388,0.7385560133695083,0.8997933884297521,304.6,260,sampleex.X_GPbot_388_2
389,0.6904623346659308,0.8763413387838528,283.6333333333333,260,sampleex.X_GPbot_389_15
390,0.7629708675108217,0.8691962056914628,280.9,260,sampleex.X_GPbot_390_23
391,0.724003498854065,0.9301507537688443,283.1666666666667,266,sampleex.X_GPbot_391_21
392,0.711221955169856,0.910355486862442,280.03333333333336,279,sampleex.X_GPbot_392_10
393,0.740940167816662,0.9211451531893521,284.3333333333333,280,sampleex.X_GPbot_393_26
394,0.7231377587522689,0.9060336300692384,295.6666666666667,279,sampleex.X_GPbot_394_14
395,0.693942063644578,0.8540856031128404,308.1333333333333,316,sampleex.X_GPbot_395_20
396,0.7221512595132151,0.9184485330681254,307.1666666666667,281,sampleex.X_GPbot_396_20
397,0.704164184652346,0.9047619047619048,317.03333333333336,266,sampleex.X_GPbot_397_17
398,0.7479770877287767,0.9151234567901234,330.56666666666666,384,sampleex.X_GPbot_398_17
399,0.6678582724533054,0.8909191583610189,364.3333333333333,304,sampleex.X_GPbot_399_10
